<?xml version="1.0" encoding="UTF-8" standalone="yes"?>
<addon id="repository.ghostshader" name="Ghostshader Repo" version="1.0.3" provider-name="Ghostshader">
	<extension point="xbmc.addon.repository" name="Ghostshader Repo">
		<info compressed="false">https://github.com/ghostshader/ghostshder/tree/master/zips/addons.xml</info>
		<checksum>https://github.com/ghostshader/ghostshder/tree/master/zips/addons.xml.md5</checksum>
		<datadir zip="true">https://github.com/ghostshader/ghostshder/tree/master/zips/</datadir>
	</extension>
	<extension point="xbmc.addon.metadata">
		<summary>Ghostshader repo</summary>
		<description></description>
		<platform>all</platform>
	</extension>
</addon>

