<?xml version="1.0" encoding="utf-8" standalone="yes"?>
<channel>
    <id>animesenzalimiti</id>
    <name>AnimeSenzaLimiti</name>

    <active>true</active>
    <adult>false</adult>
    <language>it</language>

    <thumbnail>http://www.animesenzalimiti.com/wp-content/uploads/2016/10/cropped-bg0-2.jpg</thumbnail>
    <bannermenu>http://www.animesenzalimiti.com/wp-content/uploads/2016/10/cropped-bg0-2.jpg</bannermenu>

    <update_url>https://raw.githubusercontent.com/streamondemand/plugin.video.streamondemand/master/channels/</update_url>
    <version>1</version>
    <date>10/04/2017</date>
    <changes>new channel</changes>

    <categories>
        <category>anime</category>
    </categories>

 	<settings>
		<id>include_in_global_search</id>
		<type>bool</type>
		<label>Includi ricerca globale</label>
		<default>true</default>
		<enabled>true</enabled>
		<visible>true</visible>
	</settings>
</channel>
