<?xml version="1.0" encoding="utf-8" standalone="yes"?>
<channel>
    <id>animenod</id>
    <name>AnimeNOD</name>

    <active>true</active>
    <adult>false</adult>
    <language>it</language>

    <fanart></fanart>
    <thumbnail>http://manganimenod.it/menu2/img/logo.png</thumbnail>
    <bannermenu>http://manganimenod.it/menu2/img/logo.png</bannermenu>

    <update_url>https://raw.githubusercontent.com/streamondemand/plugin.video.streamondemand/master/channels/</update_url>
    <version>1</version>
    <date>19/03/2017</date>
    <changes>new channel</changes>

    <categories>
        <category>anime</category>
    </categories>

 	<settings>
		<id>include_in_global_search</id>
		<type>bool</type>
		<label>Includi ricerca globale</label>
		<default>true</default>
		<enabled>true</enabled>
		<visible>true</visible>
	</settings>
</channel>
