<?xml version="1.0" encoding="utf-8" standalone="yes"?>
<channel>
    <id>bleachanimemanga</id>
    <name>BleachAnimeManga</name>

    <active>true</active>
    <adult>false</adult>
    <language>it</language>

    <thumbnail>http://upload.forumfree.net/i/fc8857461/hi5Ybva.png</thumbnail>
    <bannermenu>http://upload.forumfree.net/i/fc8857461/hi5Ybva.png</bannermenu>

    <update_url>https://raw.githubusercontent.com/streamondemand/plugin.video.streamondemand/master/channels/</update_url>
    <version>1</version>
    <date>26/04/2017</date>
    <changes>New Channel</changes>

    <categories>
        <category>anime</category>
    </categories>

 	<settings>
		<id>include_in_global_search</id>
		<type>bool</type>
		<label>Includi ricerca globale</label>
		<default>false</default>
		<enabled>false</enabled>
		<visible>false</visible>
	</settings>
</channel>
